{
	"easycom": {
	        "^u-(.*)": "@/uview-ui/components/u-$1/u-$1.vue",
			"^w-(.*)": "@/wmf-code/components/w-$1/index.vue"//二维码条形码的配置 如果是uni_modules
	    },
	"pages": [ //pages数组中第一项表示应用启动页，参考：https://uniapp.dcloud.io/collocation/pages
		{
			"path": "pages/login/login",
			"style": {
				"navigationBarTitleText": "登录"
			}
		},
		{
			"path": "pages/boil/boil",
			"style": {
				"navigationBarTitleText": "熬制中心"
			}
		},
		{
			"path": "pages/index/index",
			"style": {
				"navigationBarTitleText": "中药配送平台"
			}
		},
		{
			"path": "pages/index/adduser",
			"style": {
				"navigationBarTitleText": "添加用户"
			}
		},
		{
			"path": "pages/index/change",
			"style": {
				"navigationBarTitleText": "修改用户信息"
			}
		},
		{
			"path": "pages/index/search",
			"style": {
				"navigationBarTitleText": "搜索订单信息"
			}
		},
		{
			"path": "pages/index/addmachine",
			"style": {
				"navigationBarTitleText": "添加熬药机"
			}
		},
		{
			"path": "pages/index/change2",
			"style": {
				"navigationBarTitleText": "修改订单信息"
			}
		},
		{
		   "path": "pages/form/form",
		   "style": {
			"enablePullDownRefresh":true,
		   	"navigationBarTitleText": "历史订单"
		   } 
		},
		{
			"path": "pages/distribute/distribute",
			"style": {
				"navigationBarTitleText": "配送中心"
			}
		},
		{
			"path": "pages/drugInfo/drugInfo",
			"style": {
				"navigationBarTitleText": "订单详情"
			}
		},
		{
           "path": "pages/regist/regist",
           "style": {
           	"navigationBarTitleText": "注册"
           } 
        },
		{
			"path": "pages/mine/mine",
			"style": {
				"navigationBarTitleText": "个人中心"
			}
		},
		{
			"path": "pages/mine/phone",
			"style": {
				"navigationBarTitleText": "修改电话信息"
			}
		},
		{
			"path": "pages/map/map",
			"style": {
				"navigationBarTitleText": "选择收货位置"
			}
		}
    ],
	"globalStyle": {
		"navigationBarTextStyle": "white",
		"navigationBarTitleText":"中药配送平台",
		"navigationBarBackgroundColor": "#377EB4"
		// "navigationStyle":"custom", //可以去掉小程序端的顶部导航
		// 	"app-plus":{
		// 		"titleNView":false // 去掉APP、H5的顶部导航
		// 	}
	},
	"tabBar":{
		"color": "#8a8a8a",
		"selectedColor": "#8a8a8a",
		"backgroundColor": "#fff",
		"position": "bottom",
		"borderStyle": "black",
		"list": [
			{
				"pagePath": "pages/form/form",
				"text": "历史",
				"iconPath": "./static/img/history.jpg",
				"selectedIconPath": "./static/img/history2.png"
			},
			{
				"pagePath": "pages/index/index",
				"text": "主页",
				"iconPath": "./static/img/home.png",
				"selectedIconPath": "./static/img/home2.png"
			},
			{
				"pagePath": "pages/mine/mine",
				"text": "我的",
				"iconPath": "./static/img/mine.png",
				"selectedIconPath": "./static/img/mine2.png"
			}
		]
	}
}
